id;name;original_language;first_air_date;production_companies[0].name;production_companies[1].name;production_companies[2].name
1;Pride;ja;12/01/2004;-;-;-
2;Clerks;en;31/05/2000;Touchstone Television;View Askew Productions;Woltz International Pictures Corporation
3;The Message;en;20/05/2006;-;-;-
4;The Amazing Mrs Pritchard;en;03/10/2006;-;-;-
5;La Job;fr;09/10/2006;-;-;-
6;Strange Days at Blake Holsey High;en;05/10/2002;-;-;-
7;Bugs;en;01/04/1995;Carnival Films;-;-
8;Te Kaea;mi;12/12/2012;-;-;-
9;Match Game;en;02/07/1973;-;-;-
10;All in Good Faith;en;30/12/1985;-;-;-
11;Strictly Sex with Dr. Drew;en;08/06/2005;-;-;-
12;Han Wu Da Di;en;12/12/2012;-;-;-
13;How do you like Wednesday?;en;12/12/2012;-;-;-
14;Shuriken School;en;20/08/2006;Zinkia Entertainment;Studio Xilam;-
15;Mister Rogers' Neighborhood;en;12/12/2012;-;-;-
16;Sidewalks: Video Nite;en;12/12/2012;-;-;-
17;Mighty Truck of Stuff;en;15/10/2005;-;-;-
18;W*A*L*T*E*R;en;17/07/1984;20th Century Fox Television;-;-
19;Planet of the Apes;en;13/09/1974;20th Century Fox Television;-;-
20;Wildboyz;en;26/10/2003;-;-;-
22;Pain Clinic;en;12/12/2012;-;-;-
23;Tugs;en;04/04/1989;Clearwater Features;Tugs Ltd;-
24;Presidio Med;en;24/09/2002;-;-;-
25;Star Wars: Droids;en;07/09/1985;Lucasfilm Animation;Lucasfilm Ltd.;-
26;Hawaii;en;01/09/2004;-;-;-
27;Bratz;en;12/12/2012;-;-;-
29;Mary Hartman, Mary Hartman;en;05/01/1976;TAT Communications Company;-;-
30;St. Elsewhere;en;26/10/1982;20th Century Fox Television;MTM Productions;-
31;French Fields;en;05/09/1989;-;-;-
32;Rounin;en;16/04/2007;-;-;-
33;What I Like About You;en;20/09/2002;Warner Bros. Television;Tollin/Robbins Productions;-
34;Keeping Up Appearances;en;12/12/2012;-;-;-
35;Cracker;en;27/09/1993;Granada Television;-;-
36;Medium;en;03/01/2005;Pointe Studios;Picturemaker Productions;Grammnet Productions
37;Seven of One;en;25/03/1973;-;-;-
38;Time Warp Trio;en;09/07/2005;WGBH Boston;Soup2Nuts;-
40;Dallas;en;02/04/1978;-;-;-
41;Dolly;en;27/09/1987;Sandollar Productions;-;-
42;ComicView;en;14/09/1992;-;-;-
43;31 Minutos;es;15/03/2003;Aplaplac;-;-
44;Adventures of Sonic the Hedgehog;en;06/09/1993;Bohbot Communications;DiC Entertainment;SEGA of America
45;Top Gear;en;20/10/2002;BBC;-;-
46;Treasure Hunt;en;28/12/1982;Télé Union;Chatsworth Television;-
47;El Chavo del Ocho;es;26/02/1973;Televisa;-;-
48;Absolutely;en;12/12/2012;-;-;-
50;Pacific Blue;en;02/03/1996;Gary Nardino Productions;-;-
51;Houston Knights;en;12/12/2012;-;-;-
52;That '70s Show;en;23/08/1998;Carsey-Werner Company;-;-
54;Growing Pains;en;24/09/1985;Guntzelman-Sullivan-Marshall Productions;Warner Bros. Television;-
55;North of 60;en;03/12/1992;-;-;-
56;Newlyweds: Nick and Jessica;en;19/08/2003;MTV Productions;-;-
57;Angela's Eyes;en;16/07/2006;Bull's Eyes Entertainment;The Cleary Company;Universal Television
58;The Phred on Your Head Show;en;12/12/2012;-;-;-
59;The European Side;tr;11/02/2004;Plato Film Production;-;-
60;Hardball with Chris Matthews;en;12/12/2012;-;-;-
61;ASAP Fanatic;en;12/12/2012;-;-;-
62;The Challenge;en;20/04/1998;Bunim-Murray Productions (BMP);-;-
63;Brass Eye;en;29/01/1997;Talkback;-;-
64;The Surgeon;en;13/10/2005;Southern Star;-;-
65;The Job;en;14/03/2001;The Cloudland Company;Apostle;Touchstone Television
66;Wonderbug;en;12/12/2012;-;-;-
67;What's Happening Now!!;en;07/09/1985;-;-;-
69;Pavarchin;fa;10/09/2002;-;-;-
70;This Hour Has 22 Minutes;en;12/12/2012;-;-;-
71;Malcolm & Eddie;en;26/08/1996;-;-;-
72;Only Fools and Horses;en;08/09/1981;BBC;-;-
73;Ever Decreasing Circles;en;29/01/1984;-;-;-
74;Fievel's American Tails;en;11/09/1993;Universal Cartoon Studios;Amblin Television;Nelvana
75;Two Guys and a Girl;en;10/03/1998;-;-;-
76;Sigmund and the Sea Monsters;en;08/09/1973;Sid & Marty Krofft Television Productions;NBC;-
77;TV Patrol Northern Luzon;en;12/12/2012;-;-;-
78;Dateline;en;31/03/1992;NBC News;-;-
79;Dora the Explorer;en;14/08/2000;Nickelodeon Animation Studio;Nickelodeon Productions;-
80;NBA on TNT;en;04/11/1989;Turner Network Television;-;-
81;In the House;en;10/04/1995;Winifred Hervey Productions;Quincy Jones-David Salzman Entertainment;NBC Productions
82;Animaniacs;en;13/09/1993;Amblin Television;Warner Bros. Television;-
83;9am with David & Kim;en;30/01/2006;-;-;-
85;Postcards from Buster;en;12/12/2012;-;-;-
86;PBA on ABC;en;12/12/2012;-;-;-
87;The Secret Life of Us;en;16/07/2001;Southern Star;-;-
88;As Time Goes By;en;12/01/1992;-;-;-
89;Titus;en;12/12/2012;-;-;-
90;Mayday;en;03/09/2003;Cineflix Productions;-;-
91;Super Inggo;en;12/12/2012;-;-;-
92;The Famous Jett Jackson;en;25/10/1998;-;-;-
93;Falcon Crest;en;04/12/1981;-;-;-
94;Fox Online;en;12/12/2012;-;-;-
95;Buffy the Vampire Slayer;en;12/12/2012;-;-;-
96;Rita Cosby: Live & Direct;en;12/12/2012;-;-;-
97;The Drew Carey Show;en;13/09/1995;Warner Bros. Television;Mohawk Productions;-
98;Default Radio;en;12/12/2012;-;-;-
99;System Crash;en;04/02/1999;-;-;-
100;I Am Not an Animal;en;10/05/2004;Baby Cow Animation;-;-
101;Beat the Geeks;en;12/12/2012;-;-;-
102;Driven;en;12/12/2012;-;-;-
103;The Time Tunnel;en;09/09/1966;Irwin Allen Productions;-;-
104;The Legend of the Condor Heroes;cn;21/02/1983;TVB;-;-
105;Sex and the City;en;06/06/1998;Darren Star Productions;HBO;-
106;The Andy Griffith Show;en;03/10/1960;Paramount Television Studios;CBS;Danny Thomas Enterprises
107;Lagot Ka, Isusumbong Kita;en;12/12/2012;-;-;-
108;Alice, I Think;en;18/06/2006;-;-;-
109;Blue Water High;en;11/05/2005;Southern Star;-;-
110;Less than Perfect;en;01/10/2002;-;-;-
111;7 vidas;es;17/01/1999;Estudios Picasso;Mediaset España;-
112;The Armando Iannucci Shows;;12/12/2012;-;-;-
113;Moron Life;en;12/12/2012;-;-;-
114;Nathan Barley;en;11/02/2005;Talkback;-;-
115;A Different World;en;24/09/1987;Carsey-Werner Company;Bill Cosby;-
116;Titans;en;04/10/2000;NBC Studios;Spelling Television;-
117;The Dreamstone;en;25/09/1990;FilmFair;ITV Central;-
118;Just for Kicks;en;09/04/2006;-;-;-
119;Cory in the House;en;12/01/2007;It's a Laugh Productions;Warren & Rinsler Productions;-
120;Andy Capp;en;22/02/1988;-;-;-
121;Doctor Who;en;23/11/1963;BBC;-;-
122;Adam Adamant Lives!;en;23/06/1966;-;-;-
123;Starting Over;en;09/09/2003;-;-;-
124;Nationwide;en;09/09/1969;-;-;-
125;To the Manor Born;en;30/09/1979;-;-;-
126;Unsolved Mysteries;en;05/10/1988;Cosgrove/Meurer Productions;Lifetime;-
127;Boston Public;en;23/10/2000;David E. Kelley Productions;20th Century Fox Television;-
128;Pasadena;en;28/09/2001;Brad Grey Television;Columbia TriStar Television;-
129;Soccer Aid;en;22/05/2006;-;-;-
130;All Grown Up!;en;12/04/2003;Klasky-Csupo;Nickelodeon Animation Studio;-
131;Space Sentinels;en;10/09/1977;Filmation Associates;-;-
132;Fantastic Four: World's Greatest Heroes;en;02/09/2006;MoonScoop;Marvel Entertainment;-
133;Juliet Bravo;en;30/08/1980;BBC Studios;-;-
134;Space: 1999;en;04/09/1975;Group 3;RAI;ITC Entertainment
135;Food Fight;ja;01/07/2000;-;-;-
136;Thriller;en;14/03/1973;ITC Entertainment;-;-
137;W.I.T.C.H.;en;18/12/2004;Saban International;Disney Branded Television;-
138;Ink;en;21/10/1996;Shukovsky English Entertainment;Addis/Wechsler Television;DreamWorks Pictures
139;CNN Daybreak;en;12/12/2012;-;-;-
140;Martin Mystery;fr;23/10/2003;Marathon Media;-;-
141;Cheers;en;30/09/1982;Paramount Television Studios;Charles/Burrows/Charles Productions;-
142;Kay Susan Tayo;en;12/12/2012;-;-;-
143;Popetown;en;08/06/2005;BBC;CHX Productions;-
144;Head Cases;en;14/09/2005;-;-;-
145;Chris & John to the Rescue!;en;08/10/2006;-;-;-
147;Five-Minute Funnies;en;12/12/2012;-;-;-
148;Movin' On;en;08/05/1974;D'Antoni/Weitz Productions;-;-
149;The Journal Editorial Report;en;12/12/2012;-;-;-
150;This Life;en;18/03/1996;World Productions;BBC;-
151;Bosco Adventure;ja;06/10/1986;Nippon Animation;-;-
152;Maging Sino Ka Man;en;12/12/2012;-;-;-
153;Scarborough Country;en;12/12/2012;-;-;-
154;Good Times;en;08/02/1974;Norman Lear/Tandem Productions;Bud Yorkin Productions;CBS
155;3rd Rock from the Sun;en;09/01/1996;Carsey-Werner Company;-;-
156;The Beachcombers;en;01/10/1972;-;-;-
157;Gerhard Reinke's Wanderlust;en;08/03/2003;-;-;-
158;Port Charles;en;02/06/1997;-;-;-
159;Trailside;en;12/12/2012;-;-;-
160;Teenage Mutant Ninja Turtles;en;14/12/1987;I.D.D.H.;Murakami Wolf Swenson;Fred Wolf Films
162;Night Court;en;04/01/1984;Warner Bros. Television;Starry Night Productions;-
163;Can't Get a Date;;12/12/2012;-;-;-
164;Dark Skies;en;21/09/1996;-;-;-
165;Now and Again;en;24/09/1999;-;-;-
166;Lingo;en;28/09/1987;-;-;-
167;La Femme Nikita;en;13/01/1997;-;-;-
168;Are You Being Served?;en;08/09/1972;BBC;-;-
169;Fernwood 2 Night;en;04/07/1977;-;-;-
170;Saved;en;12/06/2006;-;-;-
171;Martin;en;27/08/1992;HBO Independent Productions;-;-
172;Arliss;en;10/08/1996;Tollin/Robbins Productions;HBO;-
173;Degrassi Junior High;en;18/01/1987;Playing With Time;-;-
174;Monster Garage;en;23/06/2002;-;-;-
175;All Along the Watchtower;en;28/02/1999;-;-;-
177;I Am Weasel;en;22/07/1997;Hanna-Barbera Productions;-;-
178;My Life as a Teenage Robot;en;01/08/2003;Frederator Studios;Nickelodeon Animation Studio;-
179;Declassified;en;30/03/2004;-;-;-
180;Fantasy Island;en;26/09/1998;-;-;-
181;Which Way to the War;en;12/12/2012;-;-;-
182;Temptation;;12/12/2012;-;-;-
183;Britney and Kevin: Chaotic;en;17/05/2005;-;-;-
184;Jeremiah;en;03/03/2002;-;-;-
185;Carnivàle;;12/12/2012;-;-;-
186;Weeds;en;07/08/2005;Tilted Productions;Lionsgate Television;-
187;All Our Saturdays;en;14/02/1973;-;-;-
188;The Animals of Farthing Wood;en;06/01/1993;-;-;-
189;At Last the 1948 Show;en;15/02/1967;-;-;-
190;Def Comedy Jam;en;07/03/1992;Brillstein-Grey Entertainment;Russell Simmons Television;-
191;Chuck Norris: Karate Kommandos;en;15/09/1986;Ruby-Spears Enterprises;-;-
192;A Bit of Fry & Laurie;en;13/01/1989;BBC;-;-
193;Level Up;en;12/12/2012;-;-;-
194;NYPD Blue;en;21/09/1993;Steven Bochco Productions;20th Century Fox Television;-
195;Under One Roof;en;21/03/2002;-;-;-
196;Captain Star;en;08/07/1997;-;-;-
197;WCW Saturday Night;en;04/04/1992;-;-;-
198;Bless This House;en;02/02/1971;Thames Television;-;-
199;Kabuhayang Swak na Swak;en;12/12/2012;-;-;-
201;Balitanghali;en;12/12/2012;-;-;-
202;Nighty Night;en;06/01/2004;-;-;-
203;The Sarah Jane Adventures;en;24/09/2007;-;-;-
204;Freddie;en;12/10/2005;Hunga Rican;Excitable Boy!;Mohawk Productions
205;Garth Marenghi's Darkplace;en;29/01/2004;Channel 4 Television;Avalon Television;-
206;Picket Fences;en;18/09/1992;Nina Saxon Film Design;CBS;David E. Kelley Productions
207;Bear in the Big Blue House;en;20/10/1997;Shadow Projects;Jim Henson Television;The Jim Henson Company
208;The Fantasy Show;en;31/08/2006;-;-;-
209;The New Inventors;en;12/12/2012;-;-;-
210;The Man from U.N.C.L.E.;en;22/09/1964;MGM Television;Arena Productions;-
211;The Game;en;01/10/2006;-;-;-
212;Runaway;en;25/09/2006;-;-;-
213;The Gallant Men;en;05/10/1962;-;-;-
214;L'Gros Show;en;12/12/2012;-;-;-
215;Rookie Vets;en;12/12/2012;-;-;-
216;Duck Dodgers;en;23/08/2003;Warner Bros. Television;-;-
217;Inside the Actors Studio;en;01/06/1994;The Actors Studio;In the Moment Productions Ltd.;Bravo Cable
218;Inhumanoids;en;21/09/1986;Sunbow Productions;Marvel Productions;Hasbro
219;Kyle XY;en;26/06/2006;-;-;-
220;Big Day;en;28/11/2006;Sony Pictures Television Studios;-;-
221;The Many Loves of Dobie Gillis;en;29/09/1959;Martin Manulis Productions;20th Century Fox Television;-
222;Deep Sea Detectives;en;01/04/2003;-;-;-
223;Being Ian;en;26/04/2005;Studio B Productions;Nelvana;-
224;Match of the Day;en;22/08/1964;BBC Sport;-;-
225;Sharpe;;12/12/2012;-;-;-
226;Battle Dome;en;18/09/1999;Columbia TriStar Television;-;-
227;The Mike O'Malley Show;en;21/09/1999;-;-;-
228;The High Life;;12/12/2012;-;-;-
229;The Garry Moore Show;en;30/09/1958;-;-;-
230;The New Scooby and Scrappy-Doo Show;en;10/09/1983;Hanna-Barbera Productions;-;-
231;The Soup;en;01/07/2004;E! Entertainment Television;-;-
232;Ultraviolet;en;15/09/1998;World Productions;Channel 4 Television;-
233;Who Wants to Be a Superhero?;en;27/07/2006;Nash Entertainment;-;-
234;My Gym Partner's a Monkey;en;26/12/2005;Cartoon Network Studios;-;-
235;G.B.H.;en;06/06/1991;GBH Films Ltd.;Channel 4 Television;-
236;The Flash;en;20/09/1990;Warner Bros. Television;Pet Fly Productions;-
237;Mortal Kombat: Conquest;en;03/10/1998;-;-;-
238;Star Cops;en;06/07/1987;-;-;-
239;Strangebrew;en;12/12/2012;-;-;-
240;Jackie Chan Adventures;en;09/09/2000;Columbia TriStar Television;Adelaide Productions;Blue Train Entertainment
241;Evacuation;en;04/09/2006;-;-;-
242;USA Network Thursday Night Baseball;en;09/04/2009;-;-;-
243;Penn & Teller: Bullshit!;en;24/01/2003;-;-;-
244;Men of the World;en;14/03/1994;-;-;-
245;The Brittas Empire;en;03/01/1991;-;-;-
246;Avatar: The Last Airbender;en;21/02/2005;Nickelodeon Animation Studio;JM Animation;DR Movie
247;Atlantika;en;12/12/2012;-;-;-
248;So Little Time;en;02/06/2001;Dualstar Productions;-;-
249;Clarissa Explains It All;en;23/03/1991;Thunder Pictures;Nickelodeon Productions;-
250;The Dick Powell Show;en;26/09/1961;Four Stars Productions;-;-
251;Aqua Teen Hunger Force;en;30/12/2000;Williams Street;Radical Axis;-
252;Everybody Hates Chris;en;22/09/2005;Chris Rock Entertainment;3 Arts Entertainment;CBS Paramount Network Television
253;Star Trek;en;08/09/1966;Desilu Productions;Paramount Television Studios;-
254;ESPNU Inside the Polls;en;12/12/2012;-;-;-
255;Hi Hi Puffy AmiYumi;en;19/11/2004;Cartoon Network Studios;Renegade Animation;-
256;JBTV;en;12/12/2012;-;-;-
257;California Dreams;en;12/09/1992;NBC Studios;Peter Engel Productions;NBC Productions
258;ESPNU Coaches Spotlight;en;12/12/2012;-;-;-
259;The Kumars at No. 42;en;12/11/2001;Hat Trick Productions;-;-
260;Sinchronicity;en;16/07/2006;-;-;-
261;The Ashlee Simpson Show;;12/12/2012;-;-;-
262;Squirrel Boy;en;14/07/2006;-;-;-
263;Skimo;;12/12/2012;-;-;-
264;Now and Forever: Linlang;en;12/12/2012;-;-;-
265;Clangers;;12/12/2012;-;-;-
266;QTV;en;12/12/2012;-;-;-
267;Bonds on Bonds;en;04/04/2006;-;-;-
268;Untold Stories of the ER;en;26/04/2004;GRB Entertainment;-;-
269;One Tree Hill;en;23/09/2003;Warner Bros. Television;Tollin/Robbins Productions;-
270;Tucker;en;12/12/2012;-;-;-
271;Ellen;en;29/03/1994;Touchstone Television;The Black/Marlens Company;-
272;Korgoth of Barbaria;en;03/06/2006;-;-;-
273;Jimbo and the Jet Set;;12/12/2012;-;-;-
274;Majika;tl;20/03/2006;GMA Entertainment Group;-;-
275;Harry's Mad;en;04/01/1993;-;-;-
276;TNA Global Impact!;en;12/12/2012;-;-;-
277;Pangako Sa ’Yo;tl;13/11/2000;-;-;-
278;Nightline;en;24/03/1980;ABC News;-;-
279;The Zoo (NZ);en;12/12/2012;-;-;-
280;CMT Outlaws;en;12/12/2012;-;-;-
281;NASCAR Racers;en;20/11/1999;Saban Entertainment;Saerom Animation;-
282;Ocean Girl;en;29/08/1994;-;-;-
283;Detroit Sports Report;en;12/12/2012;-;-;-
284;Dirt;en;02/01/2007;ABC Studios;Coquette Productions;Matthew Carnahan Circus Products
285;Waiting for God;en;28/06/1990;BBC;-;-
286;Q.E.D.;;12/12/2012;-;-;-
287;Murder in Mind;en;22/04/2001;-;-;-
288;¡Mucha Lucha!;en;17/08/2002;-;-;-
289;Fearless;en;12/12/2012;Warner Bros. Television;Jerry Bruckheimer Television;-
290;The Midnight Special;;12/12/2012;-;-;-
291;Coronation Street;en;09/12/1960;-;-;-
292;Moral Orel;en;12/12/2005;Williams Street;Fragical Productions;Starburns Industries
293;$25 Million Dollar Hoax;en;08/11/2004;Reveille Productions;Hallock Healey Entertainment;-
294;The National;;12/12/2012;-;-;-
295;Sean's Show;en;15/04/1992;-;-;-
296;Animal Precinct;en;26/06/2001;-;-;-
297;Get the Message;en;12/12/2012;-;-;-
298;Mel and Joey;en;12/12/2012;-;-;-
299;SWAT: Virus Hunters;en;12/12/2012;-;-;-
300;Terminal City;en;17/10/2005;-;-;-
301;Access Hollywood;en;09/09/1996;-;-;-
302;Jim Rome Is Burning;en;06/05/2003;Mandt Bros. Productions;ESPN Original Entertainment;-
303;River City;en;24/09/2002;-;-;-
304;Believe Nothing;en;14/07/2002;Alomo Productions;-;-
305;Adventures in Rainbow Country;en;20/09/1970;-;-;-
307;Teen Angel;en;26/09/1997;Touchstone Television;Spooky Magic Productions;-
308;Morangos com Açúcar;pt;30/08/2003;Plural Entertainment;TVI - Televisão Independente;-
311;ABC DJ;en;12/12/2012;-;-;-
312;Garage Kids;en;12/12/2012;-;-;-
313;WWE Heat;en;12/12/2012;-;-;-
314;Star Trek: Enterprise;en;26/09/2001;Paramount Television Studios;-;-
315;Sightings;en;17/04/1992;Fair Dinkum Productions;Ann Daniel Productions;-
316;Maniac Mansion;en;17/09/1990;Lucasfilm Ltd.;Atlantis Films;-
317;Courageous Cat and Minute Mouse;en;01/01/1960;-;-;-
318;American Gothic;en;22/09/1995;Universal Television;CBS;Renaissance Pictures
319;The Tony Danza Show;en;13/09/2004;Riverward Productions;Katie Face Productions;-
320;Fear Factor;en;11/06/2001;-;-;-
321;Voyage to the Bottom of the Sea;en;14/09/1964;-;-;-
322;Perversions of Science;en;07/06/1997;-;-;-
323;The Knights of Prosperity;en;03/01/2007;Touchstone Television;Worldwide Pants;-
324;The Whiteoaks of Jalna;en;12/12/2012;-;-;-
325;The Adventures of the Galaxy Rangers;en;14/09/1986;Tokyo Movie Shinsha;-;-
326;Red Dwarf;en;15/02/1988;BBC;Raul Jackson Productions;Baby Cow Productions
327;Dream Job;en;01/02/2004;-;-;-
328;Media Watch;en;08/05/1989;-;-;-
329;CBC News: Compass;en;12/12/2012;-;-;-
330;Little People, Big World;;12/12/2012;-;-;-
331;America's Next Top Model;en;20/05/2003;Bankable Productions;10 by 10 Entertainment;-
332;Los simuladores;es;21/03/2002;-;-;-
333;Jewel in the Palace;ko;15/09/2003;-;-;-
334;Sealab 2021;en;21/12/2000;Williams Street;Seventy-Thirty Productions;-
335;Knattspyrnufélagið Nörd;is;12/12/2012;-;-;-
336;The Geena Davis Show;en;10/10/2000;-;-;-
337;The Nine;en;04/10/2006;Sunset Road Productions;Warner Bros. Television;-
339;Starcade;en;27/12/1982;-;-;-
340;What's Good For You;en;12/12/2012;-;-;-
341;Brothers and Sisters;en;24/09/2006;ABC Studios;After Portsmouth;Touchstone Television
342;Teachers;en;28/03/2006;-;-;-
343;Whittle;en;12/12/2012;-;-;-
344;Honeys;ja;04/07/2021;-;-;-
345;My Little Pony;en;15/09/1986;-;-;-
346;American Dragon: Jake Long;en;21/01/2005;Cookie Jar Entertainment;Disney Television Animation;-
347;Ultimate Force;en;16/09/2002;-;-;-
348;SMTV Live;en;29/08/1998;-;-;-
349;Point Pleasant;en;19/01/2005;20th Century Fox Television;-;-
350;FC Nörtit;en;12/12/2012;-;-;-
351;Scare Tactics;en;04/04/2003;-;-;-
352;The Quatermass Experiment;en;18/07/1953;BBC;-;-
353;Stark Raving Mad;en;23/09/1999;-;-;-
354;My Hero;en;04/02/2000;-;-;-
355;The Bachelor;en;25/03/2002;Next Entertainment;Telepictures;-
356;Notes from the Underbelly;en;12/04/2007;-;-;-
357;The Trap Door;en;06/10/1986;-;-;-
358;Let's Get Inventin';;12/12/2012;-;-;-
359;Trisha Goddard;en;01/09/1998;-;-;-
360;Ang Pagbabago;en;12/12/2012;-;-;-
361;Never Mind the Full Stops;;12/12/2012;-;-;-
362;Monday Night Countdown;en;12/12/2012;-;-;-
363;Legends of the Hidden Temple;en;11/09/1993;-;-;-
364;Sealab 2020;en;09/09/1972;Hanna-Barbera Productions;-;-
365;Jericho;en;20/09/2006;Junction Entertainment;Fixed Mark Productions;CBS Studios
366;Tweenies;en;06/09/1998;-;-;-
367;Klovn;da;07/02/2005;Zentropa Entertainments;TV 2;-
368;Sportscene;en;12/12/2012;BBC Scotland;-;-
369;Masked Rider;en;17/09/1995;-;-;-
370;Stickin' Around;en;14/08/1996;Nelvana;-;-
371;Chilly Beach;en;03/09/2003;-;-;-
372;An American in Canada;en;28/02/2003;-;-;-
373;Now and Forever: Duyan;en;12/12/2012;-;-;-
374;Kids Incorporated;en;07/09/1984;Lynch Entertainment;MGM/UA Television;Hal Roach Studios
376;The Amanda Show;en;16/10/1999;Nickelodeon Productions;Tollin/Robbins Productions;-
377;So Haunt Me;en;23/02/1992;-;-;-
378;Come Back Mrs. Noah;en;13/12/1977;-;-;-
379;The Sports Reporters;en;12/12/2012;-;-;-
380;Little Britain;en;16/09/2003;BBC;-;-
382;Under One Roof;en;01/01/1997;-;-;-
383;Cain's Hundred;en;19/09/1961;Vanadas Productions;MGM Television;-
384;Doug;en;18/08/1991;Ellipsanime Productions;Jumbo Pictures;-
385;Maury;en;09/09/1991;MoPo Productions;Paramount Television Studios;-
387;SpongeBob SquarePants;en;01/05/1999;United Plankton Pictures;Nickelodeon Productions;Nickelodeon Animation Studio
388;Tronji;en;12/12/2012;-;-;-
389;Changing Rooms;en;04/09/1996;-;-;-
390;Evening Shade;en;21/09/1990;Mozark Productions;Burt Reynolds Productions;MTM Enterprises
391;Outside the Lines;en;07/05/1990;-;-;-
392;Webdreams;en;24/09/2005;-;-;-
393;Patent Bending;en;22/08/2006;-;-;-
394;Animal Cops: Detroit;;12/12/2012;-;-;-
395;WWE Bottom Line;en;24/05/2002;-;-;-
396;The District;en;07/10/2000;Cinemaline Productions;Di Novi Pictures;CBS Productions
397;The Dukes of Hazzard;en;26/01/1979;-;-;-
398;The Last Train;en;07/04/1999;Granada Television;Chum Television;-
399;Soccer AM;en;12/08/1995;-;-;-
400;Shark;en;21/09/2006;Imagine Television;20th Century Fox Television;-
401;Airport;en;02/05/1996;-;-;-
402;Still Standing;en;30/09/2002;-;-;-
403;Eureeka's Castle;en;12/12/2012;-;-;-
404;Fimbles;;12/12/2012;-;-;-
405;WWE Afterburn;en;25/05/2002;-;-;-
406;Ӕon Flux;en;01/09/1991;Colossal Pictures;MTV Animation;MTV
407;Sugar Rush;en;07/06/2005;Shine TV;-;-
408;This Is Paris;en;12/12/2012;-;-;-
409;Animal Cops: Phoenix;;12/12/2012;-;-;-
410;Seijuu Sentai Gingaman;ja;22/02/1998;Toei Company;-;-
411;Beyond Westworld;en;05/03/1980;MGM Television;-;-
412;The Hot List;en;12/12/2012;-;-;-
413;WCW WorldWide;en;12/12/2012;-;-;-
414;Call to Greatness;en;03/04/2006;Liquid Theory;-;-
415;Kool Ka Lang;en;12/12/2012;-;-;-
416;Harvey Birdman, Attorney at Law;en;30/12/2000;Williams Street;Turner Studios;-
417;The Class;en;18/09/2006;CraneKlarik;Warner Bros. Television;-
418;A Pup Named Scooby-Doo;en;10/09/1988;Hanna-Barbera Productions;-;-
419;World Shut Your Mouth;en;07/01/2005;-;-;-
420;Whatever Happened to the Likely Lads?;;12/12/2012;-;-;-
421;WCW Pro;en;12/03/1994;-;-;-
422;Live & Kicking;;12/12/2012;-;-;-
423;I Luv NY;en;12/12/2012;-;-;-
424;Torchwood;en;22/10/2006;BBC Worldwide;BBC Wales;-
425;It Ain't Half Hot Mum;en;03/01/1974;-;-;-
426;The Buzz on Maggie;en;07/06/2005;-;-;-
427;Clean Sweep;en;13/09/2003;-;-;-
428;Arnie;;12/12/2012;-;-;-
429;Corner Gas;en;22/01/2004;Three Thirty-Five Productions;Vérité Films;CTV
430;The Adventures of Sam & Max: Freelance Police;en;04/10/1997;Nelvana;-;-
431;One on One;en;03/09/2001;-;-;-
432;Police Surgeon;en;10/09/1960;-;-;-
433;Terminator: The Sarah Connor Chronicles;en;13/01/2008;The Halcyon Company;Warner Bros. Television;-
434;Big News;en;12/12/2012;-;-;-
435;Hi Hi Puffy Bu;en;12/12/2012;-;-;-
436;Still Game;en;06/09/2002;BBC Scotland;Comedy Unit;-
437;Mr. Belvedere;en;15/03/1985;-;-;-
438;The OUTHouse;en;12/12/2012;-;-;-
439;Maggi & Me;en;12/12/2012;-;-;-
440;Salute Your Shorts;en;04/07/1991;Propaganda Films;Nickelodeon Productions;-
441;Father of the Pride;en;31/08/2004;DreamWorks Television;-;-
442;Castaway 2007;en;12/12/2012;-;-;-
443;Ghost Hunters;en;06/10/2004;Pilgrim Studios;-;-
444;The Evidence;en;22/03/2006;-;-;-
445;So You Wanna Be a Popstar?;en;12/12/2012;-;-;-
446;The Life and Times of Juniper Lee;en;30/05/2005;-;-;-
447;Unan1mous;en;22/03/2006;-;-;-
448;The Finder;en;28/10/1991;South Australian Film Corporation;-;-
449;Rosie and Jim;en;12/12/2012;Ragdoll Productions;-;-
450;Island at War;en;11/07/2004;-;-;-
451;Aquila;en;02/12/1997;-;-;-
452;Kung Faux;en;12/12/2012;-;-;-
453;Mister Ed;en;05/01/1961;Filmways Television;The Mister Ed Company;-
454;Totally Doctor Who;en;13/04/2006;CBBC;-;-
455;In a Fix;en;17/01/2004;NorthSouth Productions;-;-
456;The Simpsons;;12/12/2012;-;-;-
457;3 News;en;12/12/2012;-;-;-
458;Football Friday;en;12/12/2012;-;-;-
459;Becky and Barnaby Bear;en;12/12/2012;-;-;-
460;Jonovision;en;12/12/2012;-;-;-
461;Tots TV;en;04/01/1993;-;-;-
462;Most Haunted;en;25/05/2002;-;-;-
463;Texas Ranch House;en;01/05/2006;-;-;-
464;Shadow Raiders;en;16/09/1998;Alliance Atlantis;Mainframe Entertainment;-
466;Cuts;en;14/02/2005;-;-;-
467;Stars in Fast Cars;en;25/09/2005;-;-;-
468;Monster Warriors;en;12/12/2012;-;-;-
469;Texaco Star Theater;en;08/06/1948;Texaco Gasoline Company;Milton Berle Productions;NBC
470;Ratsada;en;12/12/2012;-;-;-
471;Number 1 Single;en;12/12/2012;-;-;-
472;Megas XLR;en;01/05/2004;-;-;-
473;Kapmanerang Kuba;en;12/12/2012;-;-;-
474;Nash Bridges;en;29/03/1996;-;-;-
475;Kuyaw!;en;12/12/2012;-;-;-
476;She Spies;en;20/07/2002;Reno & Osborn Productions;MGM Television;-
477;Saturday Night's Main Event;en;11/05/1985;-;-;-
478;Captain Planet and the Planeteers;en;15/09/1990;DiC Enterprises;-;-
479;Nobody's Watching;en;12/12/2012;-;-;-
480;Lou Grant;en;20/09/1977;MTM Enterprises;-;-
481;The Brak Show;en;21/12/2000;Williams Street;-;-
482;Showbiz Darts;en;02/10/2006;-;-;-
483;Delilah and Julius;en;12/12/2012;-;-;-
484;Murder, She Wrote;en;30/09/1984;Universal Television;Corymore Productions;-
485;Police Rescue;en;14/02/1991;Southern Star Xanadu;BBC;Australian Broadcasting Corporation
486;Captain Scarlet and the Mysterons;en;29/09/1967;Century 21 Television;ITC Entertainment;-
487;Bod;en;23/12/1975;-;-;-
488;Modele;en;12/12/2012;-;-;-
489;Talkshow with Spike Feresten;en;16/09/2006;-;-;-
490;Joe the Little Boom Boom;fr;01/12/1960;-;-;-
491;Cop Shop;en;28/11/1977;-;-;-
492;Upstairs, Downstairs;en;10/10/1971;LWT;-;-
493;M.K. 22;he;21/03/2004;-;-;-
494;Alice;en;31/08/1976;Warner Bros. Television;-;-
495;Weinerville;en;12/12/2012;-;-;-
496;Family Ties;en;22/09/1982;Ubu Productions;Paramount Television Studios;-
497;Lipstick on Your Collar;en;21/02/1993;Whistling Gypsy Production;Channel 4 Television;-
498;Late Show with David Letterman;;12/12/2012;-;-;-
499;The Osbournes;en;05/03/2002;iCandy TV;Big Head Productions;JOKS Productions
500;Mad About You;en;23/09/1992;TriStar Television;In Front Productions;Nuance Productions
501;Battlestar Galactica;en;17/09/1978;Universal Television;Glen A. Larson Productions;-
502;Sesame Street;en;10/11/1969;Sesame Workshop;Children's Television Workshop (CTW);-
503;Family Affair;en;12/09/1966;-;-;-
504;The Ren & Stimpy Show;en;11/08/1991;Games Animation;Spümcø;Nickelodeon Productions
505;Dad's Army;en;31/07/1968;BBC;-;-
506;Ace Lightning;en;02/09/2002;-;-;-
507;How Do You Want Me?;en;24/02/1998;Kensington Films & Television;-;-
508;A J Wentworth, BA;en;12/07/1982;-;-;-
509;CHiPs;en;15/09/1977;Rosner Television;MGM Television;-
510;Totally Frank;en;25/09/2005;-;-;-
511;Beat-Club;de;25/09/1965;-;-;-
512;Third Watch;en;23/09/1999;-;-;-
513;Batman Beyond;en;10/01/1999;Warner Bros. Animation;DC Comics;-
514;Brides of Christ;en;04/09/1991;Australian Broadcasting Corporation;RTÉ;Roadshow Coote & Carroll
515;Ryan's Hope;en;07/07/1975;-;-;-
516;The Artful Dodger;en;28/09/1959;-;-;-
517;The Ultimate Fighter;en;17/01/2005;Zuffa;-;-
518;VR Troopers;en;03/09/1994;-;-;-
519;Larry King Live;en;03/06/1985;-;-;-
520;Sledge Hammer!;en;23/09/1986;Spencer Productions;D'Angelo Productions;New World Television
521;Fetch! with Ruff Ruffman;en;29/05/2006;WGBH Boston;Global Mechanic;-
523;Pensacola: Wings of Gold;en;15/09/1997;Viacom Productions;-;-
524;The Days and Nights of Molly Dodd;en;21/05/1987;You And Me Kid Productions;-;-
525;Card Sharks;en;24/04/1978;The Card Sharks Company;CBS;Mark Goodson Productions LLC
526;Moon TV;en;31/10/2006;-;-;-
527;Joanie Loves Chachi;en;23/03/1982;-;-;-
528;At Home Ka Dito;en;12/12/2012;-;-;-
529;The Legend of Prince Valiant;en;03/09/1991;-;-;-
530;The Mobile Cop Jiban;;12/12/2012;-;-;-
531;Saved by the Bell: The New Class;en;11/09/1993;Peter Engel Productions;NBC;-
532;Watercolour Challenge;en;15/06/1998;-;-;-
533;WWE Velocity;en;25/05/2002;World Wrestling Entertainment (WWE);-;-
534;Gameshow Marathon;en;31/05/2006;-;-;-
535;Dinner for Five;en;06/07/2001;-;-;-
536;Mona the Vampire;en;13/09/1999;CINAR;Gaumont-Alphanim;Cookie Jar Entertainment
537;Hey Arnold!;en;07/10/1996;Snee-Oosh Productions;Nicktoons Productions;Nubian Nights Worldwide
538;Bulls & Bears;en;12/12/2012;-;-;-
539;Squidbillies;en;07/11/2004;Williams Street;-;-
540;Shining Time Station;en;29/01/1989;-;-;-
541;Weekends with Maury and Connie;en;12/12/2012;-;-;-
542;Strictly Dance Fever;en;26/03/2005;-;-;-
543;The Proud Family;en;15/09/2001;Disney Enterprises;Jambalaya Studio;-
544;KaBlam!;en;11/10/1996;Nickelodeon Productions;Flying Mallet, Inc.;-
545;Living with Fran;en;08/04/2005;20th Century Fox Television;Fringe Productions;Jizzy Entertainment
546;Colditz;en;19/10/1972;-;-;-
547;Medical Investigation;en;09/09/2004;-;-;-
548;Blue Peter;en;16/10/1958;-;-;-
549;Law & Order;en;13/09/1990;Wolf Entertainment;Universal Television;Universal Media Studios
550;Till Death Us Do Part;en;06/06/1966;BBC;-;-
551;Supercar;en;28/01/1961;-;-;-
552;Higglytown Heroes;en;12/09/2004;WildBrain Studios;Happy Nest;-
553;Dungeons & Dragons;en;17/09/1983;Toei Animation;Marvel Productions;Sunbow Productions
554;Bordertown;en;07/01/1989;-;-;-
555;That's My Bush!;en;04/04/2001;Important Television;-;-
556;Good Morning America;en;06/01/1975;ABC News;-;-
557;Camp Lazlo;;12/12/2012;-;-;-
558;Binary Revolution Radio;en;12/12/2012;-;-;-
559;The Ghosts of Motley Hall;en;28/04/1976;-;-;-
560;Hammerman;en;07/09/1991;DiC Entertainment;-;-
561;Today;en;28/06/1982;-;-;-
562;The Ellen DeGeneres Show;en;08/09/2003;A Very Good Production;Telepictures;Warner Bros. Television
563;Stingers;en;29/09/1998;Beyond Simpson Le Mesurier;-;-
564;Moody and Pegg;en;29/06/1974;-;-;-
565;Muppet Babies;en;05/11/1984;Jim Henson Productions;Marvel Productions;-
566;Charles in Charge;en;03/10/1984;Universal Television;Al Burton Productions;Scholastic Productions
567;Countdown with Keith Olbermann;en;31/03/2003;-;-;-
568;Delilah and Julius;en;12/12/2012;-;-;-
569;Around the Horn;en;04/11/2002;-;-;-
570;The Market;en;12/12/2012;-;-;-
571;NHL 2Night;en;12/12/2012;-;-;-
572;Rainbow Brite;en;13/12/1984;DiC Entertainment;Hallmark Cards;-
573;Hapinas;en;12/12/2012;-;-;-
574;Thunderstone;en;12/02/1999;Jonathan M. Shiff Productions;-;-
575;Taonga;en;12/12/2012;-;-;-
576;ESPNews Gametime;en;12/12/2012;-;-;-
577;Living with Lydia;en;08/11/2001;-;-;-
578;Numb3rs;en;23/01/2005;-;-;-
579;The Biggest Loser;en;19/10/2004;25/7 Productions;-;-
580;Star Trek: Deep Space Nine;en;03/01/1993;Paramount Television Studios;-;-
581;Proof Positive;en;06/10/2004;-;-;-
582;My World and Welcome to It;en;15/09/1969;Sheldon Leonard Productions;-;-
583;The Swan;en;07/04/2004;-;-;-
584;Deal/No Deal;da;12/12/2012;-;-;-
585;WWF Wrestling Challenge;en;06/09/1986;-;-;-
586;Martial Law;en;26/09/1998;Cuse Productions;Ruddy Morgan Productions;20th Century Fox Television
587;Barnaby Jones;en;28/01/1973;-;-;-
588;My Little Pony Tales;en;02/08/1992;Sunbow Productions;Graz Entertainment;-
589;Remington Steele;en;01/10/1982;MTM Enterprises;-;-
590;SWAT Kats: The Radical Squadron;en;11/09/1993;-;-;-
591;Big Monday;en;12/12/2012;-;-;-
592;Jayce and the Wheeled Warriors;fr;01/09/1985;DIC;ICC TV Productions;-
593;Shaggy & Scooby-Doo Get a Clue!;en;23/09/2006;Warner Bros. Animation;-;-
594;Higher Ground;en;14/01/2000;-;-;-
595;Best of Phua Chu Kang Pte Ltd;en;25/09/1997;-;-;-
597;Cold Squad;en;23/01/1998;-;-;-
598;Two Pints of Lager and a Packet of Crisps;en;26/02/2001;BBC;-;-
599;Dark Oracle;en;02/10/2004;-;-;-
600;Renegade;en;19/09/1992;Stu Segall Productions;Stephen J. Cannell Productions;-
601;The Complete and Utter History of Britain;en;12/01/1969;-;-;-
602;Love on a Rooftop;en;06/09/1966;-;-;-
603;Veronica's Closet;en;25/09/1997;Warner Bros. Television;Bright/Kauffman/Crane Productions;-
604;Teen Titans;en;19/07/2003;DC Comics;Warner Bros. Animation;-
605;Sabrina, the Teenage Witch;en;27/09/1996;Hartbreak Films;Viacom Productions;Paramount Television Studios
606;Ed, Edd n Eddy;en;04/01/1999;a.k.a. Cartoon;-;-
607;The Powerpuff Girls;en;18/11/1998;Cartoon Network Studios;Hanna-Barbera Productions;-
608;Bo' Selecta!;en;06/09/2002;-;-;-
609;Green Acres;en;15/09/1965;Filmways Television;Orion Television;MGM Television
610;Mr. Show with Bob and David;en;03/11/1995;Brillstein-Grey Entertainment;-;-
611;The New Odd Couple;en;29/10/1982;-;-;-
612;3-South;en;07/11/2002;MTV Animation;Warner Bros. Animation;MTV Networks
613;The Virgin Diaries;en;12/12/2012;-;-;-
614;Rollergirls;en;02/01/2006;-;-;-
615;Futurama;en;28/03/1999;20th Century Fox Television;The Curiosity Company;20th Television
616;A Question of Sport;en;05/01/1970;-;-;-
617;Saturday Disney;en;12/12/2012;-;-;-
618;Brandy & Mr. Whiskers;en;21/08/2004;-;-;-
619;Half & Half;en;23/09/2002;SisterLee Productions;Eye Productions;-
620;Empress Myeongseong;ko;09/05/2001;GM Agency;Samhwa Networks;-
621;Jam & Jerusalem;en;24/11/2006;BBC;-;-
622;Let Me Entertain You;en;21/08/2006;-;-;-
623;Profit;en;08/04/1996;McNamara Production;-;-
625;The Black Donnellys;en;26/02/2007;Blackfriars Bridge Films;-;-
626;B-And-B;en;07/06/1968;-;-;-
627;Science Magazine;en;12/12/2012;-;-;-
628;TNA Xplosion;en;05/10/2002;-;-;-
629;Hypernauts;en;01/03/1996;-;-;-
630;Standoff;en;05/09/2006;Sesfonstein Productions;-;-
631;Gilligan's Planet;;12/12/2012;-;-;-
632;The Chart Show;en;11/04/1986;-;-;-
633;i-Witness;en;12/12/2012;-;-;-
634;Who's the Boss?;en;20/09/1984;-;-;-
635;The Adventures of Shirley Holmes;en;07/05/1997;-;-;-
636;Kung Fu: The Legend Continues;en;27/01/1993;-;-;-
637;CBS Evening News;en;01/07/1941;CBS News Productions;-;-
638;Once and Again;en;21/09/1999;-;-;-
639;Life on a Stick;en;24/03/2005;-;-;-
640;Room Raiders;en;12/12/2012;Granada Entertainment;MTV;-
641;Home to Roost;;12/12/2012;-;-;-
642;Mo'Nique's Fat Chance;en;12/12/2012;-;-;-
643;My Family;en;19/09/2000;Rude Boy Productions;DLT Entertainment;-
644;SOP Gigsters;en;12/12/2012;-;-;-
645;Rhoda;en;09/09/1974;MTM Enterprises;-;-
646;Penny Crayon;en;14/09/1989;Maddocks Animation;-;-
647;Parental Control;en;12/12/2012;-;-;-
648;The Incredible Hulk;en;04/11/1977;Universal Television;-;-
649;Paris By Night;vi;14/02/1986;Thuy Nga;-;-
650;Concentration;en;25/08/1958;Mark Goodson-Bill Todman Productions;Barry & Enright Productions;NBC
651;60 Minutes;en;24/09/1968;CBS News Productions;-;-
652;What's New, Scooby-Doo?;en;14/09/2002;Warner Bros. Animation;-;-
653;Metalocalypse;;12/12/2012;-;-;-
654;Reba;en;05/10/2001;20th Century Fox Television;-;-
655;Star Trek: The Next Generation;en;28/09/1987;Paramount Television Studios;-;-
656;Curious George;en;04/09/2006;Imagine Entertainment;Universal Animation Studios;WGBH Boston
657;Rocko's Modern Life;en;18/09/1993;MTV Networks;Games Animation;Joe Murray Productions Inc.
658;The Singing Detective;en;16/11/1986;BBC;Australian Broadcasting Corporation;-
660;The FBI Files;en;20/10/1998;-;-;-
661;The Young Indiana Jones Chronicles;en;04/03/1992;Lucasfilm Ltd.;Paramount Television Studios;Beta Film
662;John Callahan's Quads!;en;02/02/2001;-;-;-
663;Wild West Tech;en;19/08/2003;-;-;-
664;The Gavin Crawford Show;en;19/06/2000;-;-;-
665;Batfink;en;21/04/1966;Hal Seeger Productions;-;-
666;The National Dream;en;03/03/1974;-;-;-
667;Tom Green's House Tonight;en;12/12/2012;-;-;-
668;X-Men: Evolution;en;04/11/2000;Film Roman;Marvel Studios;-
669;Animal Cops: San Francisco;en;31/01/2005;-;-;-
670;Baby Looney Tunes;en;07/09/2002;Warner Bros. Animation;-;-
671;Moolah Beach;en;08/09/2001;-;-;-
672;Testigo;en;12/12/2012;-;-;-
673;Whoopi;en;09/09/2003;-;-;-
674;Redemption Hill;en;06/02/2006;-;-;-
675;Sorted;en;18/07/2006;-;-;-
676;Tom and Jerry Tales;en;23/09/2006;-;-;-
677;It's Like, You Know...;en;24/03/1999;-;-;-
678;Justice;en;30/08/2006;-;-;-
679;Xiaolin Showdown;en;01/11/2003;-;-;-
680;Shaquille;en;12/12/2012;-;-;-
681;The Girl from Tomorrow;en;05/01/1992;Film Australia;Nine Network Australia;-
682;Mr. Meaty;en;22/09/2006;-;-;-
683;The Steph Show;en;28/07/2006;-;-;-
684;Bamzooki;en;12/12/2012;-;-;-
685;The Psychiatrist;en;14/12/1970;Universal Television;-;-
686;Sex, Toys & Chocolate;en;01/12/2003;Sex, Toys and Chocolate;Alliance Atlantis;-
687;Queer Duck;en;11/10/2000;Showtime Entertainment Television;Mishmash Media;-
688;The West Wing;en;22/09/1999;-;-;-
689;John Doe;en;20/09/2002;Fox Television Studios;-;-
690;King of Cars;en;04/04/2006;-;-;-
691;No Job for a Lady;en;07/02/1990;-;-;-
692;Princess Nikki;en;06/09/2006;-;-;-
693;Desperate Housewives;en;03/10/2004;-;-;-
694;White Line Fever;en;12/12/2012;-;-;-
695;Round the Twist;en;26/08/1990;The Australian Children's Television Foundation;-;-
696;The Lost Children;en;01/03/2006;-;-;-
697;Challenge of the GoBots;en;29/10/1984;-;-;-
698;MuchAdrenaline;en;12/12/2012;-;-;-
699;Exosquad;en;18/09/1993;-;-;-
700;Graham Norton's Bigger Picture;en;01/08/2005;-;-;-
701;The News with Brian Williams;en;12/12/2012;-;-;-
702;8th & Ocean;en;07/03/2006;MTV;-;-
703;Tarzan, Lord of the Jungle;;12/12/2012;-;-;-
704;SportsCenter;en;06/09/1979;-;-;-
705;SuperTed;cy;04/10/1983;-;-;-
706;Basta Sports;en;12/12/2012;-;-;-
707;Boomtown;en;29/09/2002;Nemo Films;DreamWorks Television;NBC Studios
708;WCW Thunder;en;08/01/1998;World Championship Wrestling (WCW);-;-
709;Robot Chicken;en;20/02/2005;Williams Street;Stoopid Buddy Stoodios;Aardman
710;MTV's Most Wanted;en;12/12/2012;-;-;-
711;Threat Matrix;en;18/09/2003;Industry Entertainment;Touchstone Television;-
712;Designing Women;en;29/09/1986;Columbia Pictures Television;Mozark Productions;-
713;Chappelle's Show;en;22/01/2003;Pilot Boy Productions;Marobru Productions;-
714;About Face;en;06/11/1989;-;-;-
715;Fox & Friends;en;12/12/2012;-;-;-
716;Richard Hammond's 5 O'Clock Show;en;12/12/2012;-;-;-
717;Charlie Brooker's Screenwipe;en;02/03/2006;Zeppotron;-;-
718;Burgo's Catch Phrase;en;12/12/2012;-;-;-
719;The Fall and Rise of Reginald Perrin;en;08/09/1976;-;-;-
720;DuckTales;en;18/09/1987;Disney Television Animation;-;-
721;Extreme Makeover: Home Edition;;12/12/2012;-;-;-
722;The Uninvited;en;25/09/1997;-;-;-
723;Si Tsong, Si Tsang;en;12/12/2012;-;-;-
724;The Oprah Winfrey Show;;12/12/2012;-;-;-
725;U-Pick Live;en;14/10/2002;-;-;-
726;Lidsville;en;11/09/1971;-;-;-
727;Return to Eden;en;27/09/1983;Eden Productions Pty Ltd;-;-
729;Little Miss Jocelyn;en;22/08/2006;-;-;-
730;Dinnerladies;en;12/11/1998;-;-;-
731;Un gars, une fille;fr;01/05/1997;Avanti Groupe;-;-
732;L.A. Law;en;15/09/1986;20th Century Fox Television;Steven Bochco Productions;-
733;Sabrina: The Animated Series;en;06/09/1999;Riverdale Productions;DiC Entertainment;Hartbreak Films
734;Magnum, P.I.;en;11/12/1980;-;-;-
735;Maybe It's Me;en;05/10/2001;-;-;-
736;Pinoy Pop Superstar;en;03/07/2004;-;-;-
737;The Ben Stiller Show;en;27/09/1992;-;-;-
738;Welcome Back, Kotter;en;09/09/1975;-;-;-
739;Acapulco H.E.A.T.;en;28/09/1993;Keller Entertainment Group;M6 Films;Les Films du Triangle
740;Ace of Cakes;;12/12/2012;-;-;-
742;Primetime;en;03/08/1989;-;-;-
743;Beauty and the Geek;en;01/06/2005;Katalyst Films;Fox 21;3 Ball Productions
744;Jekyll;en;16/06/2007;BBC;Hartswood Films;-
745;Spaced;;12/12/2012;-;-;-
746;BrainTeaser;en;12/12/2012;-;-;-
747;Lads' Army;en;03/06/2002;-;-;-
748;ITV News Channel TV;en;12/12/2012;-;-;-
749;Cold Feet;en;15/11/1998;Granada Television;-;-
750;Where the Heart Is;en;06/04/1997;-;-;-
751;The World at War;en;31/10/1973;FremantleMedia;-;-
752;Slap Bang with Ant & Dec;en;12/12/2012;-;-;-
753;The Scarlet Pimpernel;en;24/01/1999;-;-;-
754;ITV News Tyne Tees;en;12/12/2012;-;-;-
755;That's Love;en;19/01/1988;-;-;-
756;Luton Airport;en;12/12/2012;-;-;-
757;Finger Tips;en;12/12/2012;-;-;-
758;The Sweeney;en;02/01/1975;Thames Television;Euston Films;-
759;Baddiel and Skinner Unplanned;en;28/05/2000;-;-;-
760;How 2;en;26/10/1990;STV Productions;TVS Television;-
761;Morning Glory;en;12/12/2012;-;-;-
762;That's Your Funeral;en;25/03/1970;-;-;-
763;Too Many Cooks;en;12/12/2012;-;-;-
764;Midsomer Murders;en;23/03/1997;Bentley Productions;ITV;-
766;This Morning;en;03/10/1988;-;-;-
767;Ready Steady Cook;;12/12/2012;-;-;-
768;Bad Influence!;en;29/10/1992;-;-;-
769;Us Girls;en;27/02/1992;-;-;-
770;Lookaround;en;12/12/2012;-;-;-
771;A Bear's Tail;en;08/07/2005;-;-;-
772;Footballers' Wives;;12/12/2012;-;-;-
773;ITV News Anglia;en;12/12/2012;-;-;-
774;On the Buses;;12/12/2012;-;-;-
775;Rag, Tag and Bobtail;;12/12/2012;-;-;-
776;Shattered;en;04/01/2003;-;-;-
777;OFI Sunday;en;12/12/2012;-;-;-
778;The Adventure of English;;12/12/2012;-;-;-
779;McCallum;en;13/01/1997;-;-;-
780;Wheel of Fortune;en;19/07/1988;Scottish Television Enterprises;-;-
781;Working Lunch;en;19/09/1994;-;-;-
782;Blind Date;en;30/11/1985;-;-;-
783;Breakfast Time;en;12/12/2012;-;-;-
784;Joking Apart;;12/12/2012;-;-;-
785;Men Behaving Badly;en;18/02/1992;Thames Television;Hartswood Films;-
786;Vic Reeves Big Night Out;en;25/05/1990;Channel X;-;-
787;Wycliffe;en;24/07/1994;Red Rooster Film & Television Entertainment;Harlech Television;-
788;Prehistoric Park;en;22/07/2006;D.S. Pictures;-;-
789;Hope and Glory;en;22/06/1999;-;-;-
790;Agatha Christie's Poirot;en;08/01/1989;The Computer Film Company;Picture Partnership Productions;Carnival Films
791;PokerFace;en;10/07/2006;-;-;-
792;Play Your Cards Right;en;01/02/1980;-;-;-
793;My New Best Friend;en;08/08/2003;Tiger Aspect Productions;-;-
795;Sunday Live;en;12/12/2012;-;-;-
797;Have I Got News for You;en;28/09/1990;Hat Trick Productions;BBC;-
798;ITV News Meridian;en;01/01/1993;-;-;-
799;Sherlock Holmes;en;24/04/1984;Granada Television;-;-
800;Quizmania;en;12/12/2012;-;-;-
801;Quizmania;en;12/12/2012;-;-;-
802;TV Heaven, Telly Hell;en;26/03/2006;-;-;-
803;Catchphrase;;12/12/2012;-;-;-
804;Alfresco;en;01/05/1983;Granada Television;-;-
805;Maid Marian and Her Merry Men;en;16/11/1989;-;-;-
806;The Late, Late Breakfast Show;;12/12/2012;-;-;-
807;Sunday Feast;en;12/12/2012;-;-;-
808;North Tonight;en;12/12/2012;-;-;-
809;Catterick;en;15/02/2004;-;-;-
810;Armchair Theatre;en;08/07/1956;-;-;-
811;How Do You Solve a Problem like Maria?;en;12/12/2012;-;-;-
812;Harry Hill's TV Burp;en;14/11/2002;Avalon Television;-;-
813;Hell's Kitchen;en;23/05/2004;-;-;-
814;Hornblower;en;07/10/1998;-;-;-
815;Peep Show;en;19/09/2003;Objective Media Group;-;-
816;Shooting Stars;en;27/12/1993;Pett Productions;BBC;-
817;Barbara;en;27/06/1999;-;-;-
818;Super Gran;en;20/01/1985;Tyne Tees Television;-;-
819;Live at the Apollo;en;06/09/2004;-;-;-
820;SK8-TV;en;12/12/2012;Binder Entertainment;-;-
821;Ford Super Sunday;en;12/12/2012;-;-;-
822;Give Us This Day;en;12/12/2012;-;-;-
823;WWF Superstars Of Wrestling;en;06/09/1986;-;-;-
825;ttn;en;03/02/2004;-;-;-
826;NBC Nightly News;en;03/08/1970;NBC News;-;-
827;What Now;en;12/12/2012;-;-;-
828;World News Now;en;12/12/2012;-;-;-
829;See Hear;en;11/10/1981;-;-;-
830;Granada Reports;en;01/01/1992;-;-;-
831;Loose Women;en;06/09/1999;-;-;-
832;Mum's on Strike;en;12/12/2012;-;-;-
833;Don't Move, Improve;en;12/12/2012;-;-;-
834;Westcountry Live;en;12/12/2012;-;-;-
835;The West Tonight;en;12/12/2012;-;-;-
836;ITV News Central;en;12/12/2012;-;-;-
837;UTV Live;en;12/12/2012;-;-;-
838;Scotland Today;en;12/12/2012;-;-;-
839;Newsround;en;12/12/2012;-;-;-
840;ITV News London;en;12/12/2012;-;-;-
841;Newsnight;en;30/01/1980;-;-;-
842;Prime Time;en;12/12/2012;-;-;-
843;ITV News Cymru Wales;en;12/12/2012;-;-;-
844;Line of Fire;en;02/12/2003;DreamWorks Television;Touchstone Television;-
846;Greg the Bunny;en;27/03/2002;-;-;-
847;Watching Ellie;en;26/02/2002;Hammond's Reef;NBC Studios;-
848;American Dreamer;en;20/09/1990;Paramount Television Studios;-;-
849;Monty Python's Flying Circus;en;05/10/1969;BBC;-;-
850;Himalaya with Michael Palin;en;03/10/2004;Prominent Television;BBC;-
851;Full Circle with Michael Palin;en;31/08/1997;-;-;-
852;Michael Palin: Around the World in 80 Days;en;11/10/1989;-;-;-
853;Now!;en;12/12/2012;-;-;-
854;Ripping Yarns;en;07/01/1976;-;-;-
855;Pole to Pole;en;21/10/1992;-;-;-
856;Irish railway journey: Derry to Kerry;en;12/12/2012;-;-;-
857;Michael Palin's Hemingway Adventure;en;17/10/1999;-;-;-
858;Sahara with Michael Palin;en;13/10/2002;Prominent Television;BBC;-
862;In the Heat of the Night;en;06/03/1988;MGM Television;Fred Silverman Productions;JADDA Productions
863;Peppermint Place;en;12/12/2012;-;-;-
864;Mr. Peppermint;en;12/12/2012;-;-;-
865;GE College Bowl;en;12/12/2012;-;-;-
866;Password Plus;en;08/01/1979;The Password Company;Mark Goodson-Bill Todman Productions;NBC
867;The John Larroquette Show;en;02/09/1993;Warner Bros. Television;Impact Zone Productions;Witt/Thomas Productions
868;Boston Common;en;21/03/1996;Castle Rock Entertainment;KoMut Entertainment;-
869;Son of the Beach;en;14/03/2000;Fox Television Studios;-;-
870;My 19 Year Old Sister-in-Law;en;28/07/2004;-;-;-
871;The Betty White Show;en;08/02/1954;-;-;-
872;America This Morning;en;12/12/2012;-;-;-
873;Columbo;en;15/09/1971;Universal Television;Studios USA;-
874;One Life to Live;en;15/07/1968;ABC Studios;Capital Cities/ABC Video Enterprises Inc.;-
875;Guiding Light;;12/12/2012;-;-;-
876;Tufte IL;en;12/12/2012;-;-;-
877;Caprica;en;22/01/2010;UCP;-;-
878;I Wanna Be a Soap Star;en;16/10/2004;-;-;-
879;All My Children;en;05/01/1970;-;-;-
880;Wojeck;en;13/09/1966;CBC Films;-;-
881;Days of Our Lives;en;08/11/1965;-;-;-
882;Connections;en;17/10/1978;-;-;-
883;The Day the Universe Changed;en;19/03/1985;BBC;-;-
884;Connections 2;en;02/01/1994;-;-;-
885;Connections 3;en;01/01/1997;-;-;-
886;Pope John Paul II;en;04/12/2005;Rai Fiction;Lux Vide;Grupa Filmowa Baltmedia & Studio Filmowe Projektor
887;Space Race;en;14/09/2005;Mediapro Studios;BBC;First Channel
888;Spider-Man;en;19/11/1994;Marvel Entertainment Group;Marvel Films;-
889;Eureka Seven;ja;17/04/2005;BONES;-;-
890;Neon Genesis Evangelion;ja;04/10/1995;GAINAX;-;-
891;Thunderbirds;en;30/09/1965;ITV;-;-
892;Randall and Hopkirk (Deceased);en;21/09/1969;-;-;-
893;I Love New York;en;08/01/2007;-;-;-
894;The Prisoner;en;29/09/1967;Everyman Films;ITC Entertainment;-
895;Murder Most Horrid;en;14/11/1991;-;-;-
896;The Lost World;en;03/04/1999;Coote Hayes Productions;-;-
897;The Grim Adventures of Billy and Mandy;en;24/08/2001;Cartoon Network Studios;-;-
898;Just Jordan;en;07/01/2007;-;-;-
899;The Wallflower;ja;03/10/2006;Nippon Animation;-;-
900;Skins;en;25/01/2007;Company Pictures;-;-
901;The Sarah Silverman Program.;en;01/02/2007;-;-;-
902;Yu-Gi-Oh! Duel Monsters;ja;18/04/2000;TV Tokyo;Konami;-
903;Black Books;en;29/09/2000;-;-;-
904;Lincoln Heights;en;08/01/2007;-;-;-
905;French & Saunders;en;09/03/1987;-;-;-
906;Alas Smith and Jones;en;31/01/1984;-;-;-
907;This Morning with Richard Not Judy;;12/12/2012;-;-;-
908;People Like Us;en;20/09/1999;-;-;-
909;15 Storeys High;en;07/11/2002;-;-;-
910;As the World Turns;en;01/01/1956;-;-;-
911;Kaun Banega Crorepati;hi;03/07/2000;Big Synergy Media;-;-
912;Ah! My Goddess;ja;06/01/2005;Mini Art;Kodansha;-
913;Temple Houston;en;19/09/1963;Warner Bros. Television;Apollo Productions;Rancom Productions Inc.
915;The Secret Adventures of Jules Verne;en;18/06/2000;-;-;-
916;The Pogo Special Birthday Special;en;12/12/2012;-;-;-
917;Kate & Allie;en;19/03/1984;-;-;-
918;M*A*S*H;en;17/09/1972;20th Century Fox Television;-;-
919;Charlie Rose;en;30/09/1991;-;-;-
920;The Fonz and the Happy Days Gang;en;08/11/1980;-;-;-
921;Supertrain;en;07/02/1979;Dan Curtis Productions;NBC;-
922;Pop Idol;en;06/10/2001;19 Entertainment;-;-
923;The Surreal Life;en;09/01/2003;Renegade Entertainment;Brass Ring Productions;Mindless Entertainment
924;I Love the '90s;en;12/07/2004;-;-;-
925;77 Sunset Strip;en;10/10/1958;-;-;-
926;Scooby-Doo, Where Are You!;en;13/09/1969;Hanna-Barbera Productions;-;-
927;Strange Love;en;09/01/2005;-;-;-
928;Mulawin;tl;02/08/2004;GMA Entertainment Group;-;-
929;I Love the '80s;en;16/12/2002;-;-;-
930;Hollywood Squares;en;17/10/1966;Orion Television;Filmways Television;Merrill Heatter-Bob Quigley Productions
931;He-Man and the Masters of the Universe;en;05/09/1983;Mattel;Filmation Associates;-
932;Beast Machines: Transformers;en;18/09/1999;Mainframe Entertainment;-;-
933;Kratts' Creatures;en;03/06/1996;Earth Creatures;Maryland Public Television;Paragon Entertainment Corporation
934;Strangers;;12/12/2012;-;-;-
935;Gadget Boy & Heather;en;09/09/1995;France Animation;DiC Entertainment;M6
936;Super Friends;en;08/09/1973;-;-;-
937;Behind the Music;en;17/08/1997;-;-;-
938;Gabriel's Fire;en;12/09/1990;-;-;-
940;Our Place;en;12/12/2012;-;-;-
941;Nick Rocks;en;12/12/2012;-;-;-
942;Monkey Trousers;en;20/05/2005;-;-;-
943;Robot Wars;en;02/01/1998;-;-;-
944;Broadway Open House;en;29/05/1950;-;-;-
945;Burke's Law;en;20/09/1963;-;-;-
946;Take Hart;en;15/02/1977;-;-;-
947;Cheyenne;en;20/09/1955;Warner Bros. Television;-;-
948;Liquid Television;en;02/06/1991;Colossal Pictures;-;-
950;The Jackie Gleason Show;en;17/09/1966;-;-;-
951;The Archie Show;en;14/06/1968;Filmation Associates;-;-
952;The Adventures of Ozzie and Harriet;en;03/10/1952;-;-;-
953;Maverick;en;22/09/1957;Warner Bros. Television;-;-
954;The Rockford Files;en;13/09/1974;Universal Television;Roy Huggins-Public Arts Productions;Cherokee Productions
956;The New Fred and Barney Show;;12/12/2012;-;-;-
958;Beast Wars: Transformers;en;22/04/1996;Mainframe Entertainment;Hasbro;Alliance Atlantis
959;Slime Time Live;en;12/12/2012;-;-;-
960;Knowing Me Knowing You with Alan Partridge;en;16/09/1994;-;-;-
961;B. J. and the Bear;en;10/02/1979;Universal Television;Glen A. Larson Productions;-
962;Jonny Quest;en;18/09/1964;-;-;-
963;Captain Video and His Video Rangers;en;12/12/2012;-;-;-
964;The Ghost Busters;en;06/09/1975;Filmation Associates;-;-
965;Where in the World Is Carmen Sandiego?;en;30/09/1991;-;-;-
966;Hollyoaks;en;23/10/1995;Mersey Television;-;-
967;The Huckleberry Hound Show;;12/12/2012;-;-;-
968;Groovie Goolies;en;12/09/1970;-;-;-
969;That's Incredible!;en;03/03/1980;Alan Landsburg Productions;-;-
970;Duet;en;19/04/1987;-;-;-
971;WKRP in Cincinnati;en;18/09/1978;MTM Enterprises;Company Four;-
972;Budgie;en;09/04/1971;LWT;-;-
973;The Book of Pooh;;12/12/2012;-;-;-
974;Raw Toonage;en;19/09/1992;Disney Television Animation;Marsu Productions;-
975;The Saturday Night Armistice;en;24/06/1995;-;-;-
976;Extreme Makeover;;12/12/2012;-;-;-
977;Harper Valley;en;16/01/1981;Universal Television;Ten Four Productions;-
980;Trackdown;en;04/10/1957;Four Stars Productions;CBS;-
981;The Danny Thomas Show;en;29/09/1953;T & L Productions;Marterto Productions;CBS
982;Transformers: Armada;ja;23/08/2002;Actas;NAS;-
983;Department S;en;09/09/1969;-;-;-
984;Fist of Fun;en;11/04/1995;Go Faster Stripe;BBC;-
985;Wacky Races;en;14/09/1968;Merrill Heatter-Bob Quigley Productions;Hanna-Barbera Productions;-
987;General Hospital;en;01/04/1963;Disney Branded Television;Selmur Productions;-
988;The Rookies;en;11/09/1972;-;-;-
989;Emergency Vets;en;12/12/2012;-;-;-
990;Big Brother;en;23/04/2001;EndemolShine Australia;Southern Star Entertainment;-
991;Naked Video;en;12/05/1986;-;-;-
992;Tiswas;en;05/01/1974;Associated Television (ATV);-;-
993;The Joe Schmo Show;;12/12/2012;-;-;-
994;Inspector Rex;de;10/11/1994;Mungo Film;Taurus Film;ORF
995;The Kids of Degrassi Street;en;12/09/1979;-;-;-
996;Spenser: For Hire;en;20/09/1985;-;-;-
997;Wild Square;ko;01/08/2021;-;-;-
998;Loving;en;26/06/1983;Dramatic Creations Inc.;-;-
999;Best Week Ever;en;23/01/2004;VH1 Television;VH1 Productions;-
1002;Bizarre;en;18/09/1980;-;-;-
1004;Cinematech;en;12/12/2012;-;-;-
1014;EP Daily;en;20/09/1997;CityTV;-;-
1018;Bonanza;en;12/09/1959;NBC;-;-
1019;I Love the '70s;en;12/12/2012;-;-;-
1020;December Bride;en;04/10/1954;Desilu Productions;CBS;-
1021;Casualty;en;06/09/1986;-;-;-
1023;Blackpool;en;11/11/2004;-;-;-
1024;The XYY Man;;12/12/2012;-;-;-
1025;The Bullwinkle Show;en;19/11/1959;Jay Ward Productions;P.A.T.;-
1027;The Carol Burnett Show;en;11/09/1967;-;-;-
1030;Bourbon Street Beat;en;05/10/1959;-;-;-
1032;Aída;es;16/01/2005;Mediaset España;Globomedia;-
1033;Flo;en;24/03/1980;Warner Bros. Television;-;-
1038;The Mary Tyler Moore Hour;en;04/04/1979;-;-;-
1039;Trapper John, M.D.;en;23/09/1979;20th Century Fox Television;-;-
1042;Revolutionary Girl Utena;ja;02/04/1997;Tokyo Laboratory;J.C.STAFF;-
1043;Ouran High School Host Club;;12/12/2012;-;-;-
1044;Planet Earth;en;05/03/2006;BBC;NHK;Discovery Channel
1045;pizza;en;12/12/2012;-;-;-
1047;The Bob Hope Show;en;12/12/2012;-;-;-
1048;The Colgate Comedy Hour;en;10/09/1950;Colgate-Palmolive-Peet;NBC;-
1052;Fat Friends;en;12/10/2000;-;-;-
1054;The Young and the Restless;en;26/03/1973;CBS Studios;Screen Gems;Columbia Pictures Television
1056;Doctor Who Confidential;en;26/03/2005;BBC;-;-
1057;K-9 and Company;en;28/12/1981;-;-;-
1058;The Roly Mo Show;;12/12/2012;-;-;-
1059;T. J. Hooker;en;13/03/1982;Spelling-Goldberg Productions;Columbia Pictures Television;-
1061;Truth or Consequences;en;07/09/1950;-;-;-
1065;Mirage of Blaze;ja;07/01/2002;Aniplex;-;-
1067;Phyllis;en;08/09/1975;-;-;-
1069;The 13 Ghosts of Scooby-Doo;en;07/09/1985;Hanna-Barbera Productions;-;-
1071;The Richie Rich/Scooby-Doo Show and Scrappy Too!;en;08/11/1980;Hanna-Barbera Productions;Harvey Comics Publications;-
1072;Scooby's All-Star Laff-A-Lympics;en;10/09/1977;Hanna-Barbera Productions;-;-
1073;I'm Alan Partridge;en;03/11/1997;Talkback;-;-
1074;Tabitha;en;07/05/1977;-;-;-
1075;The Wedge;en;12/12/2012;-;-;-
1076;Suddenly Susan;en;19/09/1996;-;-;-
1084;New Zealand Idol;en;12/12/2012;-;-;-
1087;Serial Experiments Lain;ja;06/07/1998;Pioneer LDC;Triangle Staff;-
1094;The O'Reilly Factor;en;12/12/2012;-;-;-
